Title,Description,Media URL,Link,Pinterest Board,Hashtags
Grizzly Bear Claw Pendant – Sterling Silver 3D Miniature Necklace Charm,"This claw is cast from a scaled down grizzly claw. The completely 3D claw looks is a perfect miniature creation of a grizzly bear claw measuring 1"" from top to bottom and 1-3/8"" around the outside curve. Handcrafted since 1974. Shop the collection.",https://cdn.shopify.com/s/files/1/0204/2526/files/01_36531855065158.jpg?v=1768879194,https://moonraven.com/products/grizzly-bear-claw-pendant-necklace-in-sterling-silver?utm_source=pinterest&utm_medium=organic&utm_campaign=launch,Wildlife Jewelry,#bearjewelry #bearclaw #sterlingsilverjewelry #925silver #necklace
Viper Snake Necklace - Realistic Snake Coil Jewelry,"Live dangerously with this little 1.75"" bronze viper hanging around your neck. The realistic scale detail is amazing and has been enhanced with a slight oxidization treatment. Handcrafted since 1974. Shop the collection.",https://cdn.shopify.com/s/files/1/0204/2526/files/01_34462859427910.jpg?v=1768879159,https://moonraven.com/products/viper-snake-necklace-in-bronze?utm_source=pinterest&utm_medium=organic&utm_campaign=launch,Wildlife Jewelry,#snakejewelry #serpentnecklace #bronzejewelry #handcraftedbronze #necklace
Velociraptor Skull Necklace - Realistic Dinosaur Skull Pendant Jewelry,This 3D velociraptor skull is an extremely accurate miniaturized version of the real thing. This little guy is only 30 mm long from the tip of his nose to the back of his skull. Handcrafted since 1974. Shop the collection.,https://cdn.shopify.com/s/files/1/0204/2526/files/01_34469756043334.jpg?v=1768879142,https://moonraven.com/products/velociraptor-dinosaur-claw-necklace-in-solid-sterling-silver?utm_source=pinterest&utm_medium=organic&utm_campaign=launch,Talismanic Jewelry,#skulljewelry #momentomori #necklace #pendantnecklace #handcraftedjewelry
Rod of Asclepius Pin,"The ancient symbol of healing, rendered with a serpent you can practically feel slithering up the staff. For those who've earned the right to wear it. Handcrafted since 1974. Shop the collection.",https://cdn.shopify.com/s/files/1/0204/2526/files/01_34462746083398.jpg?v=1768879126,https://moonraven.com/products/rod-of-asclepius-lapel-pin-in-solid-stainless-steel?utm_source=pinterest&utm_medium=organic&utm_campaign=launch,Wildlife Jewelry,#handcraftedjewelry #artisanjewelry #darkjewelry #symbolicjewelry
Velociraptor Skull Pendant - Stainless Steel Necklace With Miniature Dinosaur Charm,This 3D velociraptor skull is an extremely accurate miniaturized version of the real thing. This little guy is only 30 mm long from the tip of his nose to the back of his skull. Handcrafted since 1974. Shop the collection.,https://cdn.shopify.com/s/files/1/0204/2526/files/01_34495502123078.jpg?v=1768879096,https://moonraven.com/products/velociraptor-skull-pendant-necklace-in-solid-stainless-steel?utm_source=pinterest&utm_medium=organic&utm_campaign=launch,Wildlife Jewelry,#skulljewelry #momentomori #necklace #pendantnecklace #charmnecklace
Black Bear Claw Necklace – Wildlife Inspired Solid Bronze Pendant,"This exquisite large black bear claw pendant is a remarkable piece of art, cast from a real claw using the lost wax hot cast bronze technique. Weighing 18 grams and measuring 2-3/4"" around the curve and 2"" from top to bottom, this pendant boasts an exceptionally highly polished finish that beautifully captures the natural detail of the claw. Handcrafted since 1974. Shop the collection.",https://cdn.shopify.com/s/files/1/0204/2526/files/01_34469783961670.jpg?v=1768879073,https://moonraven.com/products/coyote-canine-tooth-necklace?utm_source=pinterest&utm_medium=organic&utm_campaign=launch,Wildlife Jewelry,#bearjewelry #bearclaw #bronzejewelry #handcraftedbronze #necklace
Sterling Silver Necklace – 12mm Sand Dollar Charm | Ocean Inspired Jewelry,"I found it this tiny 12mm sand dollar this summer when our family traveled to a beautiful sandy beach about 3 hours from our home. It was tiny and perfect, it has been cast in solid sterling silver and the detail is absolutely amazing on both front and back. Handcrafted since 1974. Shop the collection.",https://cdn.shopify.com/s/files/1/0204/2526/files/01_36531895959622.jpg?v=1768879069,https://moonraven.com/products/tiny-sand-dollar-necklace-in-sterling-silver?utm_source=pinterest&utm_medium=organic&utm_campaign=launch,Wildlife Jewelry,#sterlingsilverjewelry #925silver #necklace #pendantnecklace #charmnecklace
Diving Sea Otter Earrings – Sterling Silver Animal Jewelry,"You'll love showing off these cute little diving sea otters as they playfully swim down with hopes of finding another clam for dinner. Cast in solid 925 sterling silver, these beautifully detailed otters measure a mere 1"" long and is completely 3D with a smooth mirror polished finish. Handcrafted since 1974. Shop the collection.",https://cdn.shopify.com/s/files/1/0204/2526/files/01_36532289273926.jpg?v=1768879066,https://moonraven.com/products/diving-sea-otter-earrings?utm_source=pinterest&utm_medium=organic&utm_campaign=launch,Wildlife Jewelry,#sterlingsilverjewelry #925silver #earrings #statementearrings #handcraftedjewelry
Turtle Shell Earrings – Handcrafted Sterling Silver Wildlife Inspired Jewelry,"These beautifully detailed 3D turtle shell earrings are a miniature version of my original full-size turtle shell design. Handcrafted in solid sterling silver, they are slightly oxidized to enhance every realistic segment and fine detail. Handcrafted since 1974. Shop the collection.",https://cdn.shopify.com/s/files/1/0204/2526/files/01_34476747587654.jpg?v=1768879050,https://moonraven.com/products/turtle-shell-earrings?utm_source=pinterest&utm_medium=organic&utm_campaign=launch,Wildlife Jewelry,#sterlingsilverjewelry #925silver #earrings #statementearrings #handcraftedjewelry
Raven Claw Ring – Handcrafted Bronze Wrap Ring With Unique Talon Design,Discover the allure of the wild with our Solid Bronze Unisex Raven Claw Ring! This exquisite and distinctive piece of jewelry is designed to captivate and inspire. Handcrafted since 1974. Shop the collection.,https://cdn.shopify.com/s/files/1/0204/2526/files/01_32794980253766.jpg?v=1768879043,https://moonraven.com/products/raven-claw-talon-wrap-ring-solid-hand-cast-jewelers-bronze?utm_source=pinterest&utm_medium=organic&utm_campaign=launch,Wildlife Jewelry,#ravenjewelry #ravennecklace #bronzejewelry #handcraftedbronze #ring
Triceratops Skull Pendant Sterling Silver Necklace - Detailed Dinosaur Jewelry Charm,"This miniature 3D triceratops skull is extremely detailed considering it only measures 3/4"" long. It is made of highly polished sterling silver oxidized in the recesses to enhance the fine details. Handcrafted since 1974. Shop the collection.",https://cdn.shopify.com/s/files/1/0204/2526/files/01_32722759024710.jpg?v=1768879024,https://moonraven.com/products/sterling-silver-triceratops-skull-pendant-25589?utm_source=pinterest&utm_medium=organic&utm_campaign=launch,Handcrafted Silver,#skulljewelry #momentomori #sterlingsilverjewelry #925silver #necklace
Kestrel Falcon Talon Pendant - Handcrafted Sterling Silver Bird Claw Necklace,"This beautiful 3D life-size Kestrel Falcon talon pendant is handcrafted in solid sterling silver, capturing every intricate detail of a real sparrowhawk talon. Expertly cast to showcase its natural form, this unique piece is a stunning representation of a raptor’s strength and grace. Handcrafted since 1974. Shop the collection.",https://cdn.shopify.com/s/files/1/0204/2526/files/01_32722757681222.jpg?v=1768879006,https://moonraven.com/products/3d-life-size-sterling-silver-kestrel-63934?utm_source=pinterest&utm_medium=organic&utm_campaign=launch,Wildlife Jewelry,#sterlingsilverjewelry #925silver #necklace #pendantnecklace #handcraftedjewelry
Elk Antler Choker Necklace,I have crossed two of my massive elk antlers and cast them into one solid bronze choker that will surely be the hit of the occasion. The finished piece is a combination of primal elegance and high fashion. Handcrafted since 1974. Shop the collection.,https://cdn.shopify.com/s/files/1/0204/2526/files/01_33829756796998.jpg?v=1768878987,https://moonraven.com/products/elk-antler-choker-necklace-in-solid-74246?utm_source=pinterest&utm_medium=organic&utm_campaign=launch,Wildlife Jewelry,#antlerjewelry #deerantler #bronzejewelry #handcraftedbronze #necklace
Sterling Silver Pendant Grim Reaper Necklace - Dark Gothic Silver Scythe Jewelry,"This grim reapers scythe is cast in solid 925 sterling silver with an overall length of 1-1/4"". It is completely finished on both sides and is stamped 925 on the soldered triangle bail. Handcrafted since 1974. Shop the collection.",https://cdn.shopify.com/s/files/1/0204/2526/files/01_32722752405574.jpg?v=1768878968,https://moonraven.com/products/grim-reaper-scythe-pendant-necklace-in-67102?utm_source=pinterest&utm_medium=organic&utm_campaign=launch,Handcrafted Silver,#sterlingsilverjewelry #925silver #necklace #pendantnecklace #handcraftedjewelry
Sterling Silver Tiki Pendant - Handcrafted Unique Tiki Mask Jewelry Charm,"Enhance your jewelry collection with this exquisite sterling silver Tiki mask pendant. Expertly cast in solid sterling silver, this unique pendant measures 3/4"" long by 1/2"" wide, making it a perfect piece for layering with other necklaces. Handcrafted since 1974. Shop the collection.",https://cdn.shopify.com/s/files/1/0204/2526/files/01_32722751062086.jpg?v=1768878949,https://moonraven.com/products/sterling-silver-tiki-mask-pendant-small-37590?utm_source=pinterest&utm_medium=organic&utm_campaign=launch,Handcrafted Silver,#sterlingsilverjewelry #925silver #necklace #pendantnecklace #charmnecklace
Sterling Silver Pendant - Broadhead Hunting Necklace | Handmade Archery Jewelry Gift,Indulge the bow-hunting enthusiast in your life with our Sterling Silver 3D Pierced Broadhead Pendant. This stunning piece of handmade jewelry is the perfect gift for both huntresses and hunters. Handcrafted since 1974. Shop the collection.,https://cdn.shopify.com/s/files/1/0204/2526/files/01_32722749096006.jpg?v=1768878934,https://moonraven.com/products/sterling-silver-3d-pierced-broadhead-15709?utm_source=pinterest&utm_medium=organic&utm_campaign=launch,Wildlife Jewelry,#sterlingsilverjewelry #925silver #necklace #pendantnecklace #handcraftedjewelry
Grizzly Bear Necklace - Sterling Silver Skull Pendant with Oxidized Finish,"This three dimensional grizzly bear skull pendant necklace is cast in solid sterling silver and is perfectly proportional. The perfect gift for the hunter, oudoorsman or nature lover. Handcrafted since 1974. Shop the collection.",https://cdn.shopify.com/s/files/1/0204/2526/files/01_32722745622598.jpg?v=1768878916,https://moonraven.com/products/grizzly-bear-skull-necklace-solid-74437?utm_source=pinterest&utm_medium=organic&utm_campaign=launch,Wildlife Jewelry,#skulljewelry #momentomori #bearjewelry #bearclaw #sterlingsilverjewelry
Horseshoe Crab Pendant - Handcrafted Sterling Silver Necklace,"Discover the timeless beauty of the ocean with this Sterling Silver Horseshoe Crab Pendant, a detailed reproduction of a horseshoe crab found while beachcombing on a Florida beach several years ago. Cast in solid sterling silver, this exquisite piece captures every delicate detail of both the top and bottom of the original crab. Handcrafted since 1974. Shop the collection.",https://cdn.shopify.com/s/files/1/0204/2526/files/01_32722743787590.jpg?v=1768878900,https://moonraven.com/products/sterling-silver-horseshoe-crab-pendant-93510?utm_source=pinterest&utm_medium=organic&utm_campaign=launch,Handcrafted Silver,#horsejewelry #equestrianjewelry #sterlingsilverjewelry #925silver #necklace
Silver Bison Necklace – Handcrafted Sterling Silver Jewelry With Bison Skull Pendant,"Elevate your style with this striking Bison Skull Necklace, crafted in solid sterling silver. Adding a touch of Americana to any ensemble, this meticulously detailed pendant measures 1"" long and captures the essence of the American West. Handcrafted since 1974. Shop the collection.",https://cdn.shopify.com/s/files/1/0204/2526/files/01_32722739298374.jpg?v=1768878882,https://moonraven.com/products/solid-sterling-silver-bison-skull-95133?utm_source=pinterest&utm_medium=organic&utm_campaign=launch,Handcrafted Silver,#skulljewelry #momentomori #sterlingsilverjewelry #925silver #necklace
Sabrer Tooth Necklace – Sterling Silver Pendant | Ice Age Inspired Jewelry,"This miniature 3D sabre tooth cat skull is extremely detailed considering it only measures 5/8"" long. It is made of highly polished 925 sterling silver oxidized in the recesses to enhance the fine details. Handcrafted since 1974. Shop the collection.",https://cdn.shopify.com/s/files/1/0204/2526/files/01_32722733432902.jpg?v=1768878864,https://moonraven.com/products/sabre-tooth-animal-skull-charm-pendant-00458?utm_source=pinterest&utm_medium=organic&utm_campaign=launch,Handcrafted Silver,#skulljewelry #momentomori #sterlingsilverjewelry #925silver #necklace
Sterling Silver Raven Necklace – Hand Cast Bird Pendant with Feather Detail,"This standing raven is cast in solid sterling silver. The feather detail in nicely defined for such a small piece as it only measures a1-1/8"" across. Handcrafted since 1974. Shop the collection.",https://cdn.shopify.com/s/files/1/0204/2526/files/01_32722727370822.jpg?v=1768878845,https://moonraven.com/products/silver-standing-raven-necklace-charm-83407?utm_source=pinterest&utm_medium=organic&utm_campaign=launch,Wildlife Jewelry,#ravenjewelry #ravennecklace #featherjewelry #feathernecklace #sterlingsilverjewelry
Baby Possum Pendant Sterling Silver Necklace – Unique Animal Jewelry Gift,"Celebrate the charm of the adorable baby Virginia Opossum with this intricately crafted necklace, cast in solid sterling silver. This delightful little marsupial pendant features a tail wrapped around the chain of your choice, showcasing remarkable realistic detail, including the pads on the bottom of his tiny feet. Handcrafted since 1974. Shop the collection.",https://cdn.shopify.com/s/files/1/0204/2526/files/01_32722714755142.jpg?v=1768878826,https://moonraven.com/products/hanging-baby-possum-pendant-necklace-37660?utm_source=pinterest&utm_medium=organic&utm_campaign=launch,Wildlife Jewelry,#sterlingsilverjewelry #925silver #necklace #pendantnecklace #charmnecklace
Raven Claw Ring – Sterling Silver Wrap Ring Design With Intricate Detailing,"Discover the enchanting allure of our Handcrafted 3D Raven Claw Ring, exquisitely fashioned from solid sterling silver. This captivating ring is meticulously designed to mimic a raven's foot, enveloping your finger in a striking and detailed representation of nature's elegance. Handcrafted since 1974. Shop the collection.",https://cdn.shopify.com/s/files/1/0204/2526/files/01_32722664783942.jpg?v=1768878793,https://moonraven.com/products/raven-claw-talon-wrap-ring-solid-hand-00268?utm_source=pinterest&utm_medium=organic&utm_campaign=launch,Wildlife Jewelry,#ravenjewelry #ravennecklace #sterlingsilverjewelry #925silver #ring
Bobcat Claw Pendant - Bronze Claw Necklace With Polished Knuckle Detail,"This highly detailed 3D bobcat claw pendant is cast in solid silicon bronze from an actual bobcat claw, preserving every natural contour and surface detail of the original. The result is a strikingly lifelike piece that captures the raw elegance and strength of the bobcat. Handcrafted since 1974. Shop the collection.",https://cdn.shopify.com/s/files/1/0204/2526/files/01_32722366332998.jpg?v=1768878775,https://moonraven.com/products/3d-bobcat-claw-pendant-necklace-in-solid-66898?utm_source=pinterest&utm_medium=organic&utm_campaign=launch,Wildlife Jewelry,#bronzejewelry #handcraftedbronze #necklace #pendantnecklace #handcraftedjewelry
Bobcat Claw Pendant Sterling Silver Necklace - Realistic Wild Cat Jewelry Accessory,"Discover the wild elegance of nature with our Sterling Silver 3D Bobcat Claw Pendant. This unique piece is cast in solid sterling silver from an authentic bobcat claw, capturing every intricate detail of the original. Handcrafted since 1974. Shop the collection.",https://cdn.shopify.com/s/files/1/0204/2526/files/01_32722362925126.jpg?v=1768878755,https://moonraven.com/products/sterling-silver-3d-bobcat-claw-pendant-57579?utm_source=pinterest&utm_medium=organic&utm_campaign=launch,Wildlife Jewelry,#sterlingsilverjewelry #925silver #necklace #pendantnecklace #handcraftedjewelry
Bronze Bird Pendant – Spotted Towhee Foot Necklace | Handcrafted Nature Jewelry Gift,"This stunning bronze pendant is a beautiful tribute to nature's resilience. Crafted from the preserved foot of a spotted towhee, this piece captures the delicate yet striking details of the bird's claw. Handcrafted since 1974. Shop the collection.",https://cdn.shopify.com/s/files/1/0204/2526/files/01_32722361811014.jpg?v=1768878737,https://moonraven.com/products/bronze-spotted-towhee-bird-foot-pendant-80731?utm_source=pinterest&utm_medium=organic&utm_campaign=launch,Handcrafted Bronze,#bronzejewelry #handcraftedbronze #necklace #pendantnecklace #handcraftedjewelry
T-Rex Skull Necklace – Sterling Silver Dinosaur Pendant,"This 3D tyrannosaurus rex skull is an extremely accurate miniaturized version of the real thing. A life size T-rex skull is over four feet long, this little guy is only 1"" long from the tip of his nose to the back of his skull. Handcrafted since 1974. Shop the collection.",https://cdn.shopify.com/s/files/1/0204/2526/files/01_32722359812166.jpg?v=1768878719,https://moonraven.com/products/silver-t-rex-skull-pendant-necklace-in-11049?utm_source=pinterest&utm_medium=organic&utm_campaign=launch,Handcrafted Silver,#skulljewelry #momentomori #sterlingsilverjewelry #925silver #necklace
Whale Shark Ring – Sterling Silver Low Profile Ocean Animal Jewelry,"This sleek low-profile whale shark ring is just the thing for anyone who admires these gentle behemoths of the deep. It is cast in solid sterling silver, slightly oxidized in the recesses to bring out all the details. Handcrafted since 1974. Shop the collection.",https://cdn.shopify.com/s/files/1/0204/2526/files/01_32722355716166.jpg?v=1768878706,https://moonraven.com/products/whale-shark-wrap-ring-solid-925-60701?utm_source=pinterest&utm_medium=organic&utm_campaign=launch,Handcrafted Silver,#sterlingsilverjewelry #925silver #ring #statementring #handcraftedjewelry
Whale Tail Charm,"That moment before the dive—the fluke raised, water streaming. Fits Pandora and similar bracelets for a touch of whale song wherever you go. Handcrafted since 1974. Shop the collection.",https://cdn.shopify.com/s/files/1/0204/2526/files/01_32722351325254.jpg?v=1768878690,https://moonraven.com/products/whale-tail-925-sterling-silver-european-87563?utm_source=pinterest&utm_medium=organic&utm_campaign=launch,Handcrafted Bronze,#bracelet #handcraftedbracelet #charmnecklace #charmjewelry #handcraftedjewelry
Mermaid Necklace - Sterling Silver,"This three dimensional mermaid is cast of sterling silver, it is a solid sterling casting not hollow. Being expertly detailed on all sides, it can be worn with either side showing. Handcrafted since 1974. Shop the collection.",https://cdn.shopify.com/s/files/1/0204/2526/files/01_32722343034950.jpg?v=1768878673,https://moonraven.com/products/mermaid-charm-pendant-necklace-solid-04933?utm_source=pinterest&utm_medium=organic&utm_campaign=launch,Handcrafted Silver,#sterlingsilverjewelry #925silver #necklace #pendantnecklace #handcraftedjewelry
Whale Charm Pendant - Solid Bronze 3D Ocean Animal Necklace Gift,My breaching humpback whale is the perfect gift for anyone that appreciates these magnificent ocean mammals. This whale is completely three dimensional. Handcrafted since 1974. Shop the collection.,https://cdn.shopify.com/s/files/1/0204/2526/files/01_32722340511814.jpg?v=1768878658,https://moonraven.com/products/whale-charm-pendant-necklace-solid-hand-30773?utm_source=pinterest&utm_medium=organic&utm_campaign=launch,Handcrafted Bronze,#bronzejewelry #handcraftedbronze #necklace #pendantnecklace #charmnecklace
Unicorn Skull Ring – Silver Plated Fantasy Statement Ring with Spiral Horn Accessory,Fantasy meets mortality. The spiral horn rises from a skull that proves even magic has an anatomy. Handcrafted since 1974. Shop the collection.,https://cdn.shopify.com/s/files/1/0204/2526/files/01_32722339037254.jpg?v=1768878645,https://moonraven.com/products/unicorn-skull-ring-solid-hand-cast-77806?utm_source=pinterest&utm_medium=organic&utm_campaign=launch,Handcrafted Silver,#skulljewelry #momentomori #sterlingsilverjewelry #925silver #ring
Horse Skull Ring - Unique Statement Silver Plated Ring With Fine Detail,Equine elegance stripped to the bone. The long skull wraps your finger with a grace that transcends the macabre. Handcrafted since 1974. Shop the collection.,https://cdn.shopify.com/s/files/1/0204/2526/files/01_32722337398854.jpg?v=1768878629,https://moonraven.com/products/horse-skull-ring-solid-hand-cast-silver-37503?utm_source=pinterest&utm_medium=organic&utm_campaign=launch,Wildlife Jewelry,#skulljewelry #momentomori #bonejewelry #bonenecklace #horsejewelry
Owl Skull Pendant,Those huge eye sockets that once held night vision are now windows in silver. Wisdom's final form. Handcrafted since 1974. Shop the collection.,https://cdn.shopify.com/s/files/1/0204/2526/files/01_32722332516422.jpg?v=1768878611,https://moonraven.com/products/owl-skull-charm-pendant-necklace-solid-88527?utm_source=pinterest&utm_medium=organic&utm_campaign=launch,Talismanic Jewelry,#skulljewelry #momentomori #eyejewelry #evileye #sterlingsilverjewelry
Vampire Nail Necklace - Handcrafted Gothic Bronze Pendant Necklace,"Made of oxidized red bronze, this piece is finished on all four sides. It measures 1-5/8"" long and a full 3/8"" across the pyramid shaped head. Handcrafted since 1974. Shop the collection.",https://cdn.shopify.com/s/files/1/0204/2526/files/01_32722326585414.jpg?v=1768878595,https://moonraven.com/products/nail-pendant-necklace-casket-nail-vampire-20610?utm_source=pinterest&utm_medium=organic&utm_campaign=launch,Handcrafted Bronze,#bronzejewelry #handcraftedbronze #necklace #pendantnecklace #handcraftedjewelry
Victorian Bird Skull Locket – Antique Brass Necklace With Memory Photo Pendant,"This aged solid brass locket combines vintage charm with gothic elegance, featuring a beautifully detailed solid bronze bird skull on the front. Expertly oxidized inside and out for an antique patina, this unique piece is perfect for storing cherished memories. Handcrafted since 1974. Shop the collection.",https://cdn.shopify.com/s/files/1/0204/2526/files/01_32722316066886.jpg?v=1768878580,https://moonraven.com/products/antique-brass-victorian-bird-skull-19254?utm_source=pinterest&utm_medium=organic&utm_campaign=launch,Handcrafted Bronze,#skulljewelry #momentomori #bronzejewelry #handcraftedbronze #necklace
Barn Owl Pendant - Small Owl Necklace Gift Featuring Solid Bronze Animal Face Pendant,"Discover the charm of this well-defined little barn owl face pendant, meticulously cast in solid bronze. Measuring just a hair over 1/2"" (14mm) in diameter, this petite piece of jewelry is a delightful addition to any collection. Handcrafted since 1974. Shop the collection.",https://cdn.shopify.com/s/files/1/0204/2526/files/01_32722309513286.jpg?v=1768878544,https://moonraven.com/products/solid-bronze-barn-owl-face-pendant-12-18915?utm_source=pinterest&utm_medium=organic&utm_campaign=launch,Wildlife Jewelry,#petmemorial #petkeepsake #bronzejewelry #handcraftedbronze #necklace
Gas Mask Earrings,Post-apocalyptic chic for your earlobes. The circular filters and angular design bring WW2 history to modern style. Handcrafted since 1974. Shop the collection.,https://cdn.shopify.com/s/files/1/0204/2526/files/01_32722302107718.jpg?v=1768878507,https://moonraven.com/products/gas-mask-earrings-in-solid-sterling-52797?utm_source=pinterest&utm_medium=organic&utm_campaign=launch,Wildlife Jewelry,#earrings #statementearrings #handcraftedjewelry #artisanjewelry
Anatomical Brain Necklace – Sterling Silver Detailed Brain Pendant Jewelry Gift,This pendant is the double sided hemisphere of the left side of a human brain. It is a solid casting and shows accurate detail of both the inside and outside of left hemisphere of the human brain. Handcrafted since 1974. Shop the collection.,https://cdn.shopify.com/s/files/1/0204/2526/files/01_32722287427654.jpg?v=1768878488,https://moonraven.com/products/brain-necklace-sterling-silver-anatomical-53838?utm_source=pinterest&utm_medium=organic&utm_campaign=launch,Handcrafted Silver,#sterlingsilverjewelry #925silver #necklace #pendantnecklace #handcraftedjewelry
Stag Deer Skull Pendant Sterling Silver Necklace With Ten Point Rack Charm,"The stag deer skull pendant is a striking sterling silver necklace designed to capture the essence of the wild with exceptional realism and craftsmanship. This stag deer skull pendant features a detailed whitetail deer skull with a magnificent ten point rack, crafted by Moon Raven Designs to offer nature inspired jewelry that appeals to wildlife enthusiasts and lovers of unique accessories. Handcrafted since 1974. Shop the collection.",https://cdn.shopify.com/s/files/1/0204/2526/files/01_32722282250310.jpg?v=1768878471,https://moonraven.com/products/stag-deer-skull-pendant-necklace-in-solid-99773?utm_source=pinterest&utm_medium=organic&utm_campaign=launch,Wildlife Jewelry,#skulljewelry #momentomori #sterlingsilverjewelry #925silver #necklace
Bronze Skull Cremation Necklace – Memorial Urn That Holds Ashes,This cremation necklace is handcrafted from hypoallergenic mirror-polished stainless steel. A detailed bronze human skull is mounted on the front. Handcrafted since 1974. Shop the collection.,https://cdn.shopify.com/s/files/1/0204/2526/files/01_32722269241414.jpg?v=1768878451,https://moonraven.com/products/human-skull-tear-drop-cremation-ash-urn-19373?utm_source=pinterest&utm_medium=organic&utm_campaign=launch,Memorial Keepsakes,#skulljewelry #momentomori #memorialjewelry #cremationjewelry #bronzejewelry
Caduceus Necklace Sterling Silver - Medical Symbol Jewelry With Winged Staff Pendant,The caduceus symbol dates as far back as 3000 B.C. This beautifully handcrafted Caduceus Necklace with two intertwined snakes around a Greco - Egyptian god's eloquently winged staff. Handcrafted since 1974. Shop the collection.,https://cdn.shopify.com/s/files/1/0204/2526/files/01_32722266488902.jpg?v=1768878438,https://moonraven.com/products/caduceus-necklace-in-solid-sterling-63710?utm_source=pinterest&utm_medium=organic&utm_campaign=launch,Wildlife Jewelry,#snakejewelry #serpentnecklace #sterlingsilverjewelry #925silver #necklace
Gas Mask Necklace - Sterling Silver Post Apocalyptic Jewelry Pendant,"This classic World War 2 era gas mask is scaled down to a mere 3/4"" long by 9/16"" wide. It is cast in solid sterling silver with a textured oxidized finish that gives it a wonderful post apocalyptic appearance. Handcrafted since 1974. Shop the collection.",https://cdn.shopify.com/s/files/1/0204/2526/files/01_32722264096838.jpg?v=1768878418,https://moonraven.com/products/gas-mask-necklace-in-solid-sterling-77968?utm_source=pinterest&utm_medium=organic&utm_campaign=launch,Handcrafted Silver,#sterlingsilverjewelry #925silver #necklace #pendantnecklace #handcraftedjewelry
Sterling Silver Feather Necklace – Handcrafted 925 Silver Jewelry Pendant,This little raven feather is made of solid .925 sterling silver. It is double sided with natural curves that reveal it to be a wing feather. Handcrafted since 1974. Shop the collection.,https://cdn.shopify.com/s/files/1/0204/2526/files/01_32722254299206.jpg?v=1768878403,https://moonraven.com/products/3d-feather-pendant-necklace-solid-cast-55207?utm_source=pinterest&utm_medium=organic&utm_campaign=launch,Wildlife Jewelry,#ravenjewelry #ravennecklace #featherjewelry #feathernecklace #sterlingsilverjewelry
Elk Antler Tie Bar,Business attire meets big game country. This antler keeps your tie in place while announcing exactly who you are. Handcrafted since 1974. Shop the collection.,https://cdn.shopify.com/s/files/1/0204/2526/files/01_32722250825798.jpg?v=1768878388,https://moonraven.com/products/elk-antler-tie-bar-bronze-elk-antler-tie-97705?utm_source=pinterest&utm_medium=organic&utm_campaign=launch,Wildlife Jewelry,#antlerjewelry #deerantler #handcraftedjewelry #artisanjewelry
Elk Antler Tie Bar,"The rut, refined. Silver-plated antler keeps your tie secure while the trophy stays around your neck. Handcrafted since 1974. Shop the collection.",https://cdn.shopify.com/s/files/1/0204/2526/files/01_32722246172742.jpg?v=1768878360,https://moonraven.com/products/elk-antler-tie-bar-silver-plated-elk-17538?utm_source=pinterest&utm_medium=organic&utm_campaign=launch,Wildlife Jewelry,#antlerjewelry #deerantler #sterlingsilverjewelry #925silver #handcraftedjewelry
Viking Aegishjalmur Cremation Necklace – Brass Memorial Urn Pendant,"This 1-1/2"" antique solid brass Viking cremation necklace is engraved on the bottom with an Aegishjalmr — the Helm of Awe, a Norse symbol of protection. The pendant screws apart to reveal a water- and air-tight compartment (sealed with a rubber O-ring) that holds ashes — 7/8"" deep and 3/8"" wide with the top fully closed. Handcrafted since 1974. Shop the collection.",https://cdn.shopify.com/s/files/1/0204/2526/files/01_30221883834438.jpg?v=1768878352,https://moonraven.com/products/viking-aegishjalmur-cremation-ash-urn-necklace-solid-brass?utm_source=pinterest&utm_medium=organic&utm_campaign=launch,Memorial Keepsakes,#memorialjewelry #cremationjewelry #necklace #pendantnecklace #ring
Wolf Skull Necklace - Hand Carved Sterling Silver Pendant with Dark Oxidized Finish,"Embrace the Wild: Sterling Silver Wolf Skull Pendant Unleash your inner spirit with our hand-carved wolf skull pendant, meticulously crafted to capture the essence of the majestic wolf. With jaw slightly ajar, revealing intricate tooth detail, this pendant boasts exceptional realism. Handcrafted since 1974. Shop the collection.",https://cdn.shopify.com/s/files/1/0204/2526/files/01_30076898803782.jpg?v=1768878315,https://moonraven.com/products/grey-wolf-skull-pendant-necklace-solid-17390?utm_source=pinterest&utm_medium=organic&utm_campaign=launch,Wildlife Jewelry,#skulljewelry #momentomori #wolfjewelry #wolfnecklace #sterlingsilverjewelry
Pterodactyl Skull Silver Sterling Silver Necklace – Realistic Dinosaur Pendant Charm,"The pterodactyl skull silver pendant from Moon Raven Designs is a stunning piece of prehistoric animal necklace jewelry that captures the essence of ancient flying reptiles with precision and style. This 3D skull necklace is a miniature pterodactyl charm measuring just 2 inches long from the tip of its beak to the end of its crest, crafted from solid .925 sterling silver to ensure durability and shine. Handcrafted since 1974. Shop the collection.",https://cdn.shopify.com/s/files/1/0204/2526/files/01_30076897525830.jpg?v=1768878299,https://moonraven.com/products/pterodactyl-skull-in-solid-sterling-57115?utm_source=pinterest&utm_medium=organic&utm_campaign=launch,Handcrafted Silver,#skulljewelry #momentomori #sterlingsilverjewelry #925silver #necklace
Chess Knight Necklace - Sterling Silver 3D Horse Head Pendant with Oxidized Finish,"This chess knight necklace is a striking accessory crafted from solid sterling silver, designed to bring elegance and a touch of strategy to your jewelry collection. The 3D silver necklace features a detailed horse head pendant that measures nearly 1 inch long, making it a perfect statement piece for chess enthusiasts and animal inspired necklace lovers alike. Handcrafted since 1974. Shop the collection.",https://cdn.shopify.com/s/files/1/0204/2526/files/01_30076896051270.jpg?v=1768878281,https://moonraven.com/products/chess-knight-pendant-necklace-solid-16005?utm_source=pinterest&utm_medium=organic&utm_campaign=launch,Wildlife Jewelry,#horsejewelry #equestrianjewelry #sterlingsilverjewelry #925silver #necklace
Rod Of Asclepius Pendant – Bronze Medical Necklace With Serpent Staff Symbol,This beautifully detailed Rod of Asclepius is an ancient Greek symbol associated with astrology and with healing the sick through medicine. It consists of a serpent entwined around a staff. Handcrafted since 1974. Shop the collection.,https://cdn.shopify.com/s/files/1/0204/2526/files/01_30076895199302.jpg?v=1768878187,https://moonraven.com/products/rod-of-asclepius-pendant-necklace-solid-64530?utm_source=pinterest&utm_medium=organic&utm_campaign=launch,Symbolism & Meaning,#bronzejewelry #handcraftedbronze #necklace #pendantnecklace #handcraftedjewelry
Bronze Chainsaw Necklace - Hand Carved Solid Bronze Pendant Jewelry,"This little three dimensional chainsaw is hand carved and cast in solid bronze, slightly oxidized in the recesses to enhance every detail. Measuring 1-1/8"" long, it is correctly proportioned and hangs perfectly in the vertical position by the handle of the saw. Handcrafted since 1974. Shop the collection.",https://cdn.shopify.com/s/files/1/0204/2526/files/01_30076894249030.jpg?v=1768878172,https://moonraven.com/products/solid-bronze-chainsaw-necklace-chainsaw-74600?utm_source=pinterest&utm_medium=organic&utm_campaign=launch,Handcrafted Bronze,#bronzejewelry #handcraftedbronze #necklace #pendantnecklace #handcraftedjewelry
Wolf Skull Necklace - Bronze Skull Pendant With Detailed Carved Wolf Jewelry,This hand carved wolf skull pendant exhibits exceptional realistic detail with the jaw slightly ajar revealing excellent tooth detail. It is cast in solid bronze with a bright hand rubbed finish that accentuates every unique detail. Handcrafted since 1974. Shop the collection.,https://cdn.shopify.com/s/files/1/0204/2526/files/01_30076893397062.jpg?v=1768878152,https://moonraven.com/products/grey-wolf-skull-necklace-in-solid-bronze-91037?utm_source=pinterest&utm_medium=organic&utm_campaign=launch,Wildlife Jewelry,#skulljewelry #momentomori #wolfjewelry #wolfnecklace #bronzejewelry
Sea Otter Pendant - Sterling Silver Necklace With Diving Otter Charm,"You'll love showing off this cute little diving sea otter as he playfully swims down with hopes of finding another clam for his dinner. Cast in solid 925 sterling silver, this beautifully detailed otter measures a mere 1"" long and is completely 3D with a smooth mirror polished finish. Handcrafted since 1974. Shop the collection.",https://cdn.shopify.com/s/files/1/0204/2526/files/01_30076891299910.jpg?v=1768878134,https://moonraven.com/products/diving-sea-otter-pendant-charm-necklace-03802?utm_source=pinterest&utm_medium=organic&utm_campaign=launch,Handcrafted Silver,#sterlingsilverjewelry #925silver #necklace #pendantnecklace #charmnecklace
Horse Skull Pendant Sterling Silver Charm - Unique 3D Equestrian Jewelry Gift,This little horse skull pendant is cast in solid sterling silver. It measures a mere 1 long and 9/16 at its widest point. Handcrafted since 1974. Shop the collection.,https://cdn.shopify.com/s/files/1/0204/2526/files/01_30076887171142.jpg?v=1768878052,https://moonraven.com/products/horse-skull-charm-pendant-necklace-34005?utm_source=pinterest&utm_medium=organic&utm_campaign=launch,Wildlife Jewelry,#skulljewelry #momentomori #horsejewelry #equestrianjewelry #sterlingsilverjewelry
Alligator Skull Necklace - Sterling Silver 3D Pendant,"This outstanding 3D American alligator skull pendant is made of solid sterling silver. Measuring 1-3/16"" (33mm) long, it is just the right size. Handcrafted since 1974. Shop the collection.",https://cdn.shopify.com/s/files/1/0204/2526/files/01_30076885008454.jpg?v=1768878019,https://moonraven.com/products/american-alligator-skull-pendant-necklace-18794?utm_source=pinterest&utm_medium=organic&utm_campaign=launch,Handcrafted Silver,#skulljewelry #momentomori #sterlingsilverjewelry #925silver #necklace
Viper Snake Necklace - Sterling Silver Pendant With Realistic Serpent Design,Live dangerously with this little sterling silver viper hanging around your neck. The realistic scale detail is amazing and has been enhanced with a slight oxidization treatment. Handcrafted since 1974. Shop the collection.,https://cdn.shopify.com/s/files/1/0204/2526/files/01_30076882976838.jpg?v=1768878000,https://moonraven.com/products/viper-snake-pendant-necklace-solid-hand-48418?utm_source=pinterest&utm_medium=organic&utm_campaign=launch,Wildlife Jewelry,#snakejewelry #serpentnecklace #sterlingsilverjewelry #925silver #necklace
3mm Chain - Heavy Duty Replacement Jewelry Chain with Durable Lobster Clasp,The bronze and gunmetal chains are made in solid brass with a durable non- tarnishing plated finish in your choice of burnished bronze or black gunmetal. The silver chain is made of polished stainless steel. Handcrafted since 1974. Shop the collection.,https://cdn.shopify.com/s/files/1/0204/2526/files/01_30005589934150.jpg?v=1768877987,https://moonraven.com/products/replacement-chain-3mm-diameter-custom-61665?utm_source=pinterest&utm_medium=organic&utm_campaign=launch,Talismanic Jewelry,#sterlingsilverjewelry #925silver #bronzejewelry #handcraftedbronze #handcraftedjewelry
Sterling Silver Chains Replacement | 925 Silver Chain With Lobster Clasp,These chains are made in 925 Sterling Silver and are Stamped and oxidized. These heavy duty chains are 2.3 mm thick and the heavy duty lobster clasp is the best I could find and matches the chain perfectly. Handcrafted since 1974. Shop the collection.,https://cdn.shopify.com/s/files/1/0204/2526/files/01_30005587378246.jpg?v=1768877974,https://moonraven.com/products/sterling-silver-replacement-chain-23mm-25901?utm_source=pinterest&utm_medium=organic&utm_campaign=launch,Handcrafted Silver,#sterlingsilverjewelry #925silver #handcraftedjewelry #artisanjewelry
Bear Skull Necklace - Faceted Skull Jewelry With Diamond Facet Design,"This solid cast silver plated bronze grizzly bear skull measures 1"" long. This handsome fellow is completely covered in diamond like facets including the bottom. Handcrafted since 1974. Shop the collection.",https://cdn.shopify.com/s/files/1/0204/2526/files/01_29125183832134.jpg?v=1768877937,https://moonraven.com/products/faceted-bear-skull-necklace-solid-hand-76856?utm_source=pinterest&utm_medium=organic&utm_campaign=launch,Wildlife Jewelry,#skulljewelry #momentomori #bearjewelry #bearclaw #sterlingsilverjewelry
Antler Necklace Meaning: Symbolism of Antler Jewelry,"Antlers carry the quiet authority of the forest. They are not weapons but crowns, grown and shed in an endless cycle of death and rebirth. To wear an antler is to carry a piece of that cycle close to the skin. Read the full meaning and shop the symbol.",https://cdn.shopify.com/s/files/1/0204/2526/files/01_33829756796998.jpg?v=1768878987,https://moonraven.com/pages/antler-symbolism?utm_source=pinterest&utm_medium=organic&utm_campaign=launch,Wildlife Jewelry,#antlerjewelry #deerantler #necklace #pendantnecklace #handcraftedjewelry
Bone Necklace Meaning: Symbolism & History in Jewelry,"Bone is the oldest adornment material known to us. Before metal or gemstone, humans shaped the remains of animals into pendants, beads, and talismans. To wear bone is to carry a fragment of a life that came before—a quiet acknowledgment that we, too, are transient. Bone jewelry does not shout; it whispers of cycles, of strength drawn from what has passed. Read the full meaning and shop the symbol.",https://cdn.shopify.com/s/files/1/0204/2526/files/01_36531855065158.jpg?v=1768879194,https://moonraven.com/pages/bone-symbolism?utm_source=pinterest&utm_medium=organic&utm_campaign=launch,Symbolism & Meaning,#bonejewelry #bonenecklace #necklace #pendantnecklace #handcraftedjewelry
"Celtic Knot Necklace Meaning: Eternity, Unity & Strength in Jewelry","A Celtic knot is a continuous line with no beginning and no end. It loops back on itself, an unbroken path that suggests eternity, connection, and the infinite. In jewelry, this ancient symbol becomes a quiet talisman worn close to the body, a reminder of bonds that endure and cycles that never truly close. Read the full meaning and shop the symbol.",https://cdn.shopify.com/s/files/1/0204/2526/files/01_34469756043334.jpg?v=1768879142,https://moonraven.com/pages/celtic-knot-symbolism?utm_source=pinterest&utm_medium=organic&utm_campaign=launch,Symbolism & Meaning,#celticjewelry #celticknot #necklace #pendantnecklace #handcraftedjewelry
"Eye Jewelry Symbolism: Evil Eye, Nazar & Eye of Horus Meaning","The eye is the oldest sentinel in adornment. Before words, before written law, there was the gaze—and the belief that some gazes carry harm, while others deflect it. To wear an eye is to wear a witness, a guardian that sees what you cannot.

In jewelry, the eye is never merely decorative. It is a statement of awareness, a quiet acknowledgment that the world is not neutral. Read the full meaning and shop the symbol.",https://cdn.shopify.com/s/files/1/0204/2526/files/01_34495502123078.jpg?v=1768879096,https://moonraven.com/pages/eye-symbolism?utm_source=pinterest&utm_medium=organic&utm_campaign=launch,Symbolism & Meaning,#eyejewelry #evileye #handcraftedjewelry #artisanjewelry
Feather Necklace Meaning: Symbolism in Handcrafted Jewelry,"A feather catches the air and holds its own weight. It falls from a wing, drifts on a current, and lands where it chooses. For centuries, people have worn feathers as reminders of what it means to be light, to be free, to be held by something larger than themselves. In metal, a feather becomes permanent—a talisman of the invisible. Read the full meaning and shop the symbol.",https://cdn.shopify.com/s/files/1/0204/2526/files/01_32722727370822.jpg?v=1768878845,https://moonraven.com/pages/feather-symbolism?utm_source=pinterest&utm_medium=organic&utm_campaign=launch,Wildlife Jewelry,#featherjewelry #feathernecklace #necklace #pendantnecklace #handcraftedjewelry
"Horse Necklace Meaning: Freedom, Strength & Spirit in Jewelry","The horse moves between worlds. On one side, the open field and the rush of wind. On the other, the steady weight of a rider, the quiet trust of partnership. It is a creature of paradox: wild yet loyal, powerful yet gentle. To wear a horse is to carry both impulses. Read the full meaning and shop the symbol.",https://cdn.shopify.com/s/files/1/0204/2526/files/01_32722743787590.jpg?v=1768878900,https://moonraven.com/pages/horse-symbolism?utm_source=pinterest&utm_medium=organic&utm_campaign=launch,Wildlife Jewelry,#horsejewelry #equestrianjewelry #necklace #pendantnecklace #handcraftedjewelry
Moon Necklace Meaning: Symbolism in Handcrafted Jewelry,"The moon has always been a quiet companion. It waxes and wanes, disappears and returns, a cycle that mirrors our own. To wear a moon is to carry a piece of that rhythm with you—a reminder that change is constant and that darkness is never permanent. Read the full meaning and shop the symbol.",https://cdn.shopify.com/s/files/1/0204/2526/files/01_34462859427910.jpg?v=1768879159,https://moonraven.com/pages/moon-symbolism?utm_source=pinterest&utm_medium=organic&utm_campaign=launch,Symbolism & Meaning,#moonjewelry #moonnecklace #necklace #pendantnecklace #handcraftedjewelry
Norse Runes Necklace Meaning – Elder Futhark Jewelry Guide,"Norse runes are more than an alphabet. They are symbols carved from the edge of myth, said to be discovered by Odin after nine nights on Yggdrasil. Each rune holds a name, a sound, and a meaning that reaches beyond words. When worn as jewelry, a rune becomes a personal marker of intention—a quiet anchor for the qualities you wish to carry through your days. Read the full meaning and shop the symbol.",https://cdn.shopify.com/s/files/1/0204/2526/files/01_34469783961670.jpg?v=1768879073,https://moonraven.com/pages/norse-runes-symbolism?utm_source=pinterest&utm_medium=organic&utm_campaign=launch,Symbolism & Meaning,#runejewelry #norseruns #necklace #pendantnecklace #handcraftedjewelry
Raven Jewelry Meaning | Symbolism of the Raven in Silver & Bronze,"The raven has long been a bird of paradox: a creature of shadow and light, of death and rebirth, of mischief and profound wisdom. Across cultures, it appears at the threshold—between worlds, between truths, between what is known and what is hidden. To wear the raven is to carry that threshold with you. Read the full meaning and shop the symbol.",https://cdn.shopify.com/s/files/1/0204/2526/files/01_34462859427910.jpg?v=1768879159,https://moonraven.com/pages/raven-symbolism?utm_source=pinterest&utm_medium=organic&utm_campaign=launch,Wildlife Jewelry,#ravenjewelry #ravennecklace #sterlingsilverjewelry #925silver #bronzejewelry
"Skull Jewelry Meaning: Symbolism of Life, Death & Rebellion","The skull is a symbol that refuses to be pinned down. It speaks of mortality, yes, but also of vitality. In a single glance, it can evoke the weight of history and the lightness of a life fully lived. For centuries, across continents, the human skull has been carved, cast, and worn as a talisman — not to dwell on death, but to honor the fierce pulse of being alive. Read the full meaning and shop the symbol.",https://cdn.shopify.com/s/files/1/0204/2526/files/01_34469756043334.jpg?v=1768879142,https://moonraven.com/pages/skull-symbolism?utm_source=pinterest&utm_medium=organic&utm_campaign=launch,Symbolism & Meaning,#skulljewelry #momentomori #handcraftedjewelry #artisanjewelry
Snake Jewelry Meaning: Symbolism & History of Serpent Adornments,"The snake coils through human imagination as a creature of paradox: poison and healing, death and rebirth, earth and spirit. To wear its image is to carry that tension knowingly. For centuries, serpent jewelry has been a talisman of transformation, a quiet emblem of power that sheds its skin and keeps moving forward. Read the full meaning and shop the symbol.",https://cdn.shopify.com/s/files/1/0204/2526/files/01_34462859427910.jpg?v=1768879159,https://moonraven.com/pages/snake-symbolism?utm_source=pinterest&utm_medium=organic&utm_campaign=launch,Wildlife Jewelry,#snakejewelry #serpentnecklace #handcraftedjewelry #artisanjewelry
"Wolf Necklace Meaning: Strength, Loyalty & Wild Spirit in Jewelry","The wolf moves between worlds—wild and loyal, solitary and bonded. To wear its image is to carry a reminder of instincts untamed and the fierce protection of the pack. Wolf jewelry speaks to those who honor both the lone path and the deep ties that hold us together. Read the full meaning and shop the symbol.",https://cdn.shopify.com/s/files/1/0204/2526/files/01_30076898803782.jpg?v=1768878315,https://moonraven.com/pages/wolf-symbolism?utm_source=pinterest&utm_medium=organic&utm_campaign=launch,Wildlife Jewelry,#wolfjewelry #wolfnecklace #necklace #pendantnecklace #handcraftedjewelry
Infant Loss Memorial Jewelry | Handcrafted Baby Cremation Pendants,"When a baby dies, the world often doesn't know what to do with that grief. It is too large for the small body it came from, and too private for public ritual. These pieces are made for that kind of loss — not to soften it, but to hold it. They are small, weighted, and meant to be touched. You might wear one every day, or only in certain hours. There is no right way. A small weight for a private grief. Explore handcrafted memorial pieces.",https://cdn.shopify.com/s/files/1/0204/2526/files/01_32722714755142.jpg?v=1768878826,https://moonraven.com/pages/memorial-baby?utm_source=pinterest&utm_medium=organic&utm_campaign=launch,Memorial Keepsakes,#memorialjewelry #cremationjewelry #handcraftedjewelry #artisanjewelry
Memorial Necklace for Brother | Cremation Jewelry for Sibling Loss,"Losing a brother is a rupture in the story of your life. He was the one who knew the version of you before the world shaped you, who shared a childhood, a language, a history that no one else can fully enter. The grief is layered — part childhood loss, part witness to a future that now has an empty space.

These pieces are made for that specific absence. Not to fill it, but to hold a small part of what remains. A… A small weight for a private grief. Explore handcrafted memorial pieces.",https://cdn.shopify.com/s/files/1/0204/2526/files/01_32722316066886.jpg?v=1768878580,https://moonraven.com/pages/memorial-brother?utm_source=pinterest&utm_medium=organic&utm_campaign=launch,Memorial Keepsakes,#memorialjewelry #cremationjewelry #necklace #pendantnecklace #ring
Cremation Jewelry for Loss of Child | Handcrafted Memorial Pendants,"The loss of a child is not a story that resolves. There is no arc that bends toward comfort. This page is not here to soften that truth. It is here for the practical question that follows: what do you do with the ashes, the lock of hair, the small things that remain? Cremation jewelry for a child is one answer — a vessel you can wear, close to your body, not as a statement but as a private act of carrying. These pieces… A small weight for a private grief. Explore handcrafted memorial pieces.",https://cdn.shopify.com/s/files/1/0204/2526/files/01_32722269241414.jpg?v=1768878451,https://moonraven.com/pages/memorial-child?utm_source=pinterest&utm_medium=organic&utm_campaign=launch,Memorial Keepsakes,#memorialjewelry #cremationjewelry #handcraftedjewelry #artisanjewelry
Memorial Necklace for Loss of Daughter,"The loss of a daughter is a wound that does not close. It is not a chapter that ends, but a presence that shifts. This page is for the parent who carries that absence in their chest and wants something tangible to hold against it. Not to fix, not to soften, but to accompany. A piece of jewelry that holds a small weight of what remains. A small weight for a private grief. Explore handcrafted memorial pieces.",https://cdn.shopify.com/s/files/1/0204/2526/files/01_30221883834438.jpg?v=1768878352,https://moonraven.com/pages/memorial-daughter?utm_source=pinterest&utm_medium=organic&utm_campaign=launch,Memorial Keepsakes,#memorialjewelry #cremationjewelry #necklace #pendantnecklace #handcraftedjewelry
Cremation Jewelry for Father | Handcrafted Memorial Pendants & Rings,"Losing a father leaves a silence that echoes differently. He was the one who taught you how to tie a knot, how to stand your ground, how to fix what was broken. Now you carry the weight of his absence. A piece of memorial jewelry can hold a small part of him — a pinch of ash, a lock of hair, a tiny fragment of the life he lived. Not to fill the silence, but to give it a shape you can touch. These are not ornaments. They… A small weight for a private grief. Explore handcrafted memorial pieces.",https://cdn.shopify.com/s/files/1/0204/2526/files/01_32722316066886.jpg?v=1768878580,https://moonraven.com/pages/memorial-father?utm_source=pinterest&utm_medium=organic&utm_campaign=launch,Memorial Keepsakes,#memorialjewelry #cremationjewelry #ring #statementring #handcraftedjewelry
Memorial Necklace for Close Friend | Cremation Jewelry for Friend's Ashes,"The loss of a close friend is a different kind of grief. It is not the loss of a blood tie, but of a chosen bond — one built through laughter, late-night conversations, and the quiet understanding that comes from being seen. This page is for those who carry that loss and want a tangible way to keep a friend close.

A memorial piece does not fill the space left behind. It simply offers a place to rest your fingers when… A small weight for a private grief. Explore handcrafted memorial pieces.",https://cdn.shopify.com/s/files/1/0204/2526/files/01_32722269241414.jpg?v=1768878451,https://moonraven.com/pages/memorial-friend?utm_source=pinterest&utm_medium=organic&utm_campaign=launch,Memorial Keepsakes,#memorialjewelry #cremationjewelry #necklace #pendantnecklace #handcraftedjewelry
Memorial Necklace for Grandfather | Cremation Jewelry for Grandpa Ashes,"A grandfather is not a single memory but a thousand small ones: the smell of sawdust and tobacco, the weight of his hand on your shoulder, the way he said your name. When he is gone, the world feels quieter, and the absence is a thing you carry in your chest.

This page is for those who want a tangible piece of that presence. Not to replace him, but to hold a small part of him close. A memorial necklace for your… A small weight for a private grief. Explore handcrafted memorial pieces.",https://cdn.shopify.com/s/files/1/0204/2526/files/01_30221883834438.jpg?v=1768878352,https://moonraven.com/pages/memorial-grandfather?utm_source=pinterest&utm_medium=organic&utm_campaign=launch,Memorial Keepsakes,#memorialjewelry #cremationjewelry #necklace #pendantnecklace #handcraftedjewelry
Memorial Necklace for Grandmother | Cremation Jewelry for Grandma Ashes,"When a grandmother dies, the loss is foundational. She was the one who held your hand, who knew the stories, who made the house smell like bread and lavender. Now the world feels thinner, and you are looking for something to carry her with you — not to fill the absence, but to keep her near in a way that feels true.

This page is for that search. Whether you want a small pendant to hold a pinch of ash, a ring engraved… A small weight for a private grief. Explore handcrafted memorial pieces.",https://cdn.shopify.com/s/files/1/0204/2526/files/01_32722316066886.jpg?v=1768878580,https://moonraven.com/pages/memorial-grandmother?utm_source=pinterest&utm_medium=organic&utm_campaign=launch,Memorial Keepsakes,#bearjewelry #bearclaw #memorialjewelry #cremationjewelry #necklace
Cremation Jewelry for Grandma & Grandpa | Memorial Necklaces,"The bond between a grandparent and grandchild is woven from quiet moments: the scent of baking bread, stories told while shelling peas, a hand resting on your shoulder. When that presence becomes memory, a small physical touchstone can hold the weight of what remains.

These pieces are not about filling a void. They are about carrying a thread of connection into the days ahead. A pendant that rests against your skin, a… A small weight for a private grief. Explore handcrafted memorial pieces.",https://cdn.shopify.com/s/files/1/0204/2526/files/01_32722269241414.jpg?v=1768878451,https://moonraven.com/pages/memorial-grandparent?utm_source=pinterest&utm_medium=organic&utm_campaign=launch,Memorial Keepsakes,#memorialjewelry #cremationjewelry #necklace #pendantnecklace #ring
Cremation Jewelry for Husband | Memorial Necklaces & Urn Pendants,"The weight of a husband's absence is not something a piece of jewelry can fix. It wasn't made for that. These pieces are made to hold a small part of him — a few grains of ash, a lock of hair, or simply the memory of his hand on your shoulder. They are not a solution. They are a place to put the weight so it can be carried differently.

You may not know yet what you want to do with his ashes. That is not a failure. This… A small weight for a private grief. Explore handcrafted memorial pieces.",https://cdn.shopify.com/s/files/1/0204/2526/files/01_30221883834438.jpg?v=1768878352,https://moonraven.com/pages/memorial-husband?utm_source=pinterest&utm_medium=organic&utm_campaign=launch,Memorial Keepsakes,#memorialjewelry #cremationjewelry #necklace #pendantnecklace #handcraftedjewelry
Memorial Necklace for Mother | Handcrafted Cremation Jewelry,"The loss of a mother is not an event that ends. It is a weight that shifts, a silence that deepens, a presence that becomes absence. This page is for those who are carrying that weight and looking for something to hold onto — literally. A piece of jewelry that can hold a small amount of ash, a lock of hair, or simply the memory of her. No platitudes. No promises of healing. Just a vessel for what remains. A small weight for a private grief. Explore handcrafted memorial pieces.",https://cdn.shopify.com/s/files/1/0204/2526/files/01_32722316066886.jpg?v=1768878580,https://moonraven.com/pages/memorial-mother?utm_source=pinterest&utm_medium=organic&utm_campaign=launch,Memorial Keepsakes,#memorialjewelry #cremationjewelry #necklace #pendantnecklace #handcraftedjewelry
Cremation Jewelry for Loss of Parent | Memorial Necklaces for Mom & Dad,"Losing a parent shifts the ground beneath you. The relationship is unlike any other—woven from decades of small moments, arguments, silences, and love that outlasts words. A piece of memorial jewelry cannot fill that absence, but it can offer a quiet, tangible connection when you need it most.

These pendants are made to be worn against the skin, held in a palm, or tucked beneath a shirt. They hold a small portion of… A small weight for a private grief. Explore handcrafted memorial pieces.",https://cdn.shopify.com/s/files/1/0204/2526/files/01_32722269241414.jpg?v=1768878451,https://moonraven.com/pages/memorial-parent?utm_source=pinterest&utm_medium=organic&utm_campaign=launch,Memorial Keepsakes,#memorialjewelry #cremationjewelry #necklace #pendantnecklace #handcraftedjewelry
Cremation Jewelry for Pet Bird | Memorial Necklace & Pendant,"The cage is quiet. The morning whistle, the tilt of a head, the way they watched you from their perch — these are the details that stay. Losing a bird is losing a presence that filled a room without noise. This page is for those who want to carry that presence close, in a piece made to hold what remains. A small weight for a private grief. Explore handcrafted memorial pieces.",https://cdn.shopify.com/s/files/1/0204/2526/files/01_30221883834438.jpg?v=1768878352,https://moonraven.com/pages/memorial-pet-bird?utm_source=pinterest&utm_medium=organic&utm_campaign=launch,Memorial Keepsakes,#memorialjewelry #cremationjewelry #petmemorial #petkeepsake #necklace
Memorial Gifts for Loss of Father: Handcrafted Jewelry,"You are here because you are choosing a memorial gift for someone who has lost their father. This is a quiet act of love, and the right piece can become a tangible anchor for grief. Over the next few minutes, we will explore handcrafted jewelry that honors a father's presence, not his absence. These are not mass-produced trinkets; they are talismans made to be worn, touched, and kept close. Read the full meaning and shop the symbol.",https://cdn.shopify.com/s/files/1/0204/2526/files/01_32722316066886.jpg?v=1768878580,https://moonraven.com/pages/gift-dad-memorial?utm_source=pinterest&utm_medium=organic&utm_campaign=launch,Memorial Keepsakes,#memorialjewelry #cremationjewelry #handcraftedjewelry #artisanjewelry
Skull Jewelry Gift for Dad – Moon Raven Designs,"You know your father better than any gift guide. You know he doesn't need another tie or a novelty mug. You're here because you want something that speaks to who he is—maybe a quiet rebel, a thinker, a man who has seen enough of life to appreciate its edges. Skull jewelry carries that weight without shouting. This page is for the ten minutes you spend choosing well. Read the full meaning and shop the symbol.",https://cdn.shopify.com/s/files/1/0204/2526/files/01_34469756043334.jpg?v=1768879142,https://moonraven.com/pages/gift-dad-skull?utm_source=pinterest&utm_medium=organic&utm_campaign=launch,Talismanic Jewelry,#skulljewelry #momentomori #handcraftedjewelry #artisanjewelry
Graduation Jewelry Gift for Daughter,"A graduation is a threshold. Your daughter is stepping into something new, and you want to give her something that marks the moment without shouting. This page is for the slow choosing—the kind of gift that holds meaning not because of its price tag, but because of what it says about her and what you see in her. Here, you'll find jewelry that feels like an heirloom from the start, made by hand on Vancouver Island since 1974. Read the full meaning and shop the symbol.",https://cdn.shopify.com/s/files/1/0204/2526/files/01_36531855065158.jpg?v=1768879194,https://moonraven.com/pages/gift-daughter-graduation?utm_source=pinterest&utm_medium=organic&utm_campaign=launch,Symbolism & Meaning,#handcraftedjewelry #artisanjewelry #darkjewelry #symbolicjewelry
Talisman Jewelry Gift for Daughter,"You are here because you want to give your daughter something that will stay with her—not just on her dresser, but in her pocket, on her skin, in her quiet moments. A talisman is not a trinket. It is a small anchor, chosen with intention, meant to be held when the world feels uncertain. This page will help you find the right symbol, the right weight, and the right words to go with it. Take your time. Read the full meaning and shop the symbol.",https://cdn.shopify.com/s/files/1/0204/2526/files/01_36531855065158.jpg?v=1768879194,https://moonraven.com/pages/gift-daughter-talisman?utm_source=pinterest&utm_medium=organic&utm_campaign=launch,Symbolism & Meaning,#handcraftedjewelry #artisanjewelry #darkjewelry #symbolicjewelry
Memorial Jewelry for Loss of Mother: Handcrafted Gifts of Remembrance,"When someone you care about has lost their mother, words often fall short. You want to offer something that holds more than sympathy—something that acknowledges the depth of her grief and the irreplaceable bond she shared with her mother. This page is for you, the thoughtful friend or family member, who is looking for a gift that will be worn close to the heart, not just set on a shelf. Here you will find handcrafted jewelry designed to carry… Read the full meaning and shop the symbol.",https://cdn.shopify.com/s/files/1/0204/2526/files/01_32722269241414.jpg?v=1768878451,https://moonraven.com/pages/gift-mom-memorial?utm_source=pinterest&utm_medium=organic&utm_campaign=launch,Memorial Keepsakes,#memorialjewelry #cremationjewelry #handcraftedjewelry #artisanjewelry
Raven Jewelry Gift for Mom – Handcrafted Talismans,"You know her well enough to know that a conventional gift won't do. The raven calls to her—a bird of deep intelligence, of magic, of the wild edges. This page is for the quiet hour you spend choosing something that matches the weight of what she means to you.

Here you'll find handcrafted raven jewelry from our forge on Vancouver Island. Each piece is made to be worn, not just given. Take your time. The right one will feel inevitable. Read the full meaning and shop the symbol.",https://cdn.shopify.com/s/files/1/0204/2526/files/01_34462859427910.jpg?v=1768879159,https://moonraven.com/pages/gift-mom-raven?utm_source=pinterest&utm_medium=organic&utm_campaign=launch,Wildlife Jewelry,#ravenjewelry #ravennecklace #handcraftedjewelry #artisanjewelry
Wolf Jewelry Gift for Son – Handcrafted Wolf Pendant,"Choosing a gift for a son is about acknowledging the person he is becoming. A wolf pendant carries meaning that goes beyond decoration—it speaks to the qualities you see in him: independence, loyalty, quiet strength. This page is for those who want a gift that feels intentional, not generic. Take your time. The right piece is worth finding. Read the full meaning and shop the symbol.",https://cdn.shopify.com/s/files/1/0204/2526/files/01_30076898803782.jpg?v=1768878315,https://moonraven.com/pages/gift-son-wolf?utm_source=pinterest&utm_medium=organic&utm_campaign=launch,Wildlife Jewelry,#wolfjewelry #wolfnecklace #handcraftedjewelry #artisanjewelry
Gifts for a Witch: Meaningful Handcrafted Jewelry,"You're here because you know her practice is not a phase or a costume. It is a quiet, daily conversation with the earth, the moon, and the unseen. A gift that honors that deserves the same care she brings to her craft. This guide is for choosing a piece of jewelry that will sit on her skin or her altar for years—not as decoration, but as a tool. We will walk through symbols, materials, and how to match a piece to her path, whether she is a green… Read the full meaning and shop the symbol.",https://cdn.shopify.com/s/files/1/0204/2526/files/01_36531855065158.jpg?v=1768879194,https://moonraven.com/pages/gift-witch?utm_source=pinterest&utm_medium=organic&utm_campaign=launch,Talismanic Jewelry,#moonjewelry #moonnecklace #handcraftedjewelry #artisanjewelry
Sterling Silver Antler Jewelry – Handcrafted Nature-Inspired Pieces,"The antler has long been a symbol of strength, renewal, and connection to the wild. In sterling silver, its form becomes both subtle and enduring — a quiet talisman for those who feel most themselves among the trees. This collection is for the hiker, the hunter, the dreamer who carries a piece of the forest close to the heart. Read the full meaning and shop the symbol.",https://cdn.shopify.com/s/files/1/0204/2526/files/01_33829756796998.jpg?v=1768878987,https://moonraven.com/pages/sterling-silver-antler-jewelry?utm_source=pinterest&utm_medium=organic&utm_campaign=launch,Wildlife Jewelry,#antlerjewelry #deerantler #sterlingsilverjewelry #925silver #handcraftedjewelry
Sterling Silver Feather Jewelry | Handcrafted in Canada,"The feather has long been a symbol of flight, freedom, and spiritual connection. In sterling silver, its delicate lines and soft curves are rendered with a quiet luminosity that feels both ancient and modern. This pairing suits those who carry a piece of the sky with them—a reminder to move lightly and with intention. Read the full meaning and shop the symbol.",https://cdn.shopify.com/s/files/1/0204/2526/files/01_32722727370822.jpg?v=1768878845,https://moonraven.com/pages/sterling-silver-feather-jewelry?utm_source=pinterest&utm_medium=organic&utm_campaign=launch,Wildlife Jewelry,#featherjewelry #feathernecklace #sterlingsilverjewelry #925silver #handcraftedjewelry
Sterling Silver Raven Jewelry | Handcrafted Pendants & Necklaces,"The raven is a bird of paradox: messenger and trickster, guardian and guide. In sterling silver, its form becomes something else—a glint of light on dark feathers, a weight that settles against the chest like a quiet secret. This pairing suits those who carry their symbolism close, who want a piece that speaks without shouting. Our collection is made for the wearer who values both story and substance. Read the full meaning and shop the symbol.",https://cdn.shopify.com/s/files/1/0204/2526/files/01_34462859427910.jpg?v=1768879159,https://moonraven.com/pages/sterling-silver-raven-jewelry?utm_source=pinterest&utm_medium=organic&utm_campaign=launch,Wildlife Jewelry,#ravenjewelry #ravennecklace #featherjewelry #feathernecklace #sterlingsilverjewelry
Sterling Silver Skull Jewelry | Handcrafted 925 Silver Skulls,"The skull is one of the oldest and most universal symbols of human existence. In sterling silver, its meaning is both softened and sharpened — the cool, reflective surface catches light like a quiet meditation on mortality. This pairing suits those who carry their own memento mori close, who want a symbol that is neither morbid nor decorative, but honest. Our collection is for the person who understands that to acknowledge death is to live fully. Read the full meaning and shop the symbol.",https://cdn.shopify.com/s/files/1/0204/2526/files/01_34469756043334.jpg?v=1768879142,https://moonraven.com/pages/sterling-silver-skull-jewelry?utm_source=pinterest&utm_medium=organic&utm_campaign=launch,Symbolism & Meaning,#skulljewelry #momentomori #sterlingsilverjewelry #925silver #handcraftedjewelry
"Sterling Silver Snake Jewelry – Handcrafted Rings, Necklaces & Pendants","The snake is one of the oldest and most potent symbols in jewelry, representing transformation, eternity, and hidden knowledge. In sterling silver, its sinuous form finds a natural home—the metal's cool luster and subtle patina echo the creature's quiet power. This collection is for those who carry their symbolism close, whether as a daily totem or a piece of quiet rebellion. Read the full meaning and shop the symbol.",https://cdn.shopify.com/s/files/1/0204/2526/files/01_34462859427910.jpg?v=1768879159,https://moonraven.com/pages/sterling-silver-snake-jewelry?utm_source=pinterest&utm_medium=organic&utm_campaign=launch,Wildlife Jewelry,#snakejewelry #serpentnecklace #sterlingsilverjewelry #925silver #necklace
Sterling Silver Wolf Jewelry – Handcrafted Pendants & Rings,"The wolf has long walked beside us in story and symbol—guardian, teacher, shadow. In sterling silver, that presence becomes something you can carry. Silver catches the light like a moonlit pelt, cool against the skin, weighty enough to remind you it is real. This pairing suits those who want their symbols worn close, not shouted. The buyer who chooses silver and wolf together is often drawn to the quiet strength of both: the metal that holds its own… Read the full meaning and shop the symbol.",https://cdn.shopify.com/s/files/1/0204/2526/files/01_30076898803782.jpg?v=1768878315,https://moonraven.com/pages/sterling-silver-wolf-jewelry?utm_source=pinterest&utm_medium=organic&utm_campaign=launch,Wildlife Jewelry,#wolfjewelry #wolfnecklace #moonjewelry #moonnecklace #sterlingsilverjewelry
Baby Loss Jewelry for Dad – Memorial Keepsake for Father,"This page is for a father whose child died before or shortly after birth. His grief is real, but it is often overlooked. People ask about the mother, but the man in the room carries his own weight. This is a place to find a keepsake that speaks to that loss, without pretense or platitude. The jewelry here is made by hand, in materials that age with dignity. It does not try to fix anything. It simply holds space. Read the full meaning and shop the symbol.",https://cdn.shopify.com/s/files/1/0204/2526/files/01_32722714755142.jpg?v=1768878826,https://moonraven.com/pages/baby-loss-father-keepsake?utm_source=pinterest&utm_medium=organic&utm_campaign=launch,Memorial Keepsakes,#memorialjewelry #cremationjewelry #handcraftedjewelry #artisanjewelry
